timestamp,test,metric,value,unit,product_name,official,owner,run_uri,sample_uri,baseline,blocksize,bw_agg,bw_dev,bw_max,bw_mean,bw_min,cloud,data_disk_0_legacy_disk_type,data_disk_0_media,data_disk_0_num_stripes,data_disk_0_replication,data_disk_0_size,data_disk_0_type,direct,filename,fio_job,group_reporting,image,index,iodepth,ioengine,ip_type,machine_type,max,mean,min,num_cpus,num_parallel_copies,num_striped_disks,numjobs,overwrite,p1,p10,p20,p30,p40,p5,p50,p60,p70,p80,p90,p95,p99,p99.5,p99.9,p99.95,p99.99,perfkitbenchmarker_version,randrepeat,receiving_machine_type,receiving_zone,runtime,runtime_in_seconds,rw,samples,scratch_disk_size,scratch_disk_type,sending_machine_type,sending_thread_count,sending_zone,size,stddev,time,vm_1_cloud,vm_1_image,vm_1_machine_type,vm_1_vm_count,vm_1_zone,vm_2_cloud,vm_2_image,vm_2_machine_type,vm_2_vm_count,vm_2_zone,vm_count,zone
1469812883.150461,iperf,Throughput,138.0,Mbits/sec,PerfKitBenchmarker,False,root,b07719ea-f2e6c44e-7474-474d-b86f-0479fb95f56b,05de1187-424d-44d6-9830-d3ca86d42975,,,,,,,,,,,,,,,,,,,,,,,external,,,,,,,,,,,,,,,,,,,,,,,,,,,unknown,,t2.micro,us-east-1e,,30,,,,,t2.micro,1,us-east-1e,,,,AWS,ami-cbdd50dc,t2.micro,1,us-east-1e,AWS,ami-cbdd50dc,t2.micro,1,us-east-1e,,
1469812914.170867,iperf,Throughput,815.0,Mbits/sec,PerfKitBenchmarker,False,root,b07719ea-f2e6c44e-7474-474d-b86f-0479fb95f56b,03884338-512d-412f-b1fc-5b34fc0c8214,,,,,,,,,,,,,,,,,,,,,,,internal,,,,,,,,,,,,,,,,,,,,,,,,,,,unknown,,t2.micro,us-east-1e,,30,,,,,t2.micro,1,us-east-1e,,,,AWS,ami-cbdd50dc,t2.micro,1,us-east-1e,AWS,ami-cbdd50dc,t2.micro,1,us-east-1e,,
1469812944.781446,iperf,Throughput,137.0,Mbits/sec,PerfKitBenchmarker,False,root,b07719ea-f2e6c44e-7474-474d-b86f-0479fb95f56b,fa7bd422-54cd-40a8-94bc-21a5f8d7294a,,,,,,,,,,,,,,,,,,,,,,,external,,,,,,,,,,,,,,,,,,,,,,,,,,,unknown,,t2.micro,us-east-1e,,30,,,,,t2.micro,1,us-east-1e,,,,AWS,ami-cbdd50dc,t2.micro,1,us-east-1e,AWS,ami-cbdd50dc,t2.micro,1,us-east-1e,,
1469812976.193684,iperf,Throughput,824.0,Mbits/sec,PerfKitBenchmarker,False,root,b07719ea-f2e6c44e-7474-474d-b86f-0479fb95f56b,2008b449-2659-4573-91a9-4ea1c35346a6,,,,,,,,,,,,,,,,,,,,,,,internal,,,,,,,,,,,,,,,,,,,,,,,,,,,unknown,,t2.micro,us-east-1e,,30,,,,,t2.micro,1,us-east-1e,,,,AWS,ami-cbdd50dc,t2.micro,1,us-east-1e,AWS,ami-cbdd50dc,t2.micro,1,us-east-1e,,
1469813122.15806,iperf,End to End Runtime,546.9215049743652,seconds,PerfKitBenchmarker,False,root,b07719ea-f2e6c44e-7474-474d-b86f-0479fb95f56b,192f3fdf-0cd1-4fc8-bd6f-513c811df056,,,,,,,,,,,,,,,,,,,,,,,,,,,,,,,,,,,,,,,,,,,,,,,,,,unknown,,,,,,,,,,,,,,,,AWS,ami-cbdd50dc,t2.micro,1,us-east-1e,AWS,ami-cbdd50dc,t2.micro,1,us-east-1e,,
1469813483.252735,ping,Min Latency,0.621,ms,PerfKitBenchmarker,False,root,b07719ea-c7bbe2c1-384d-495e-8d71-e0ab8b4c3e3c,a1196998-200b-4fd2-a7de-f5ff3394a212,,,,,,,,,,,,,,,,,,,,,,,internal,,,,,,,,,,,,,,,,,,,,,,,,,,,unknown,,,us-east-1b,,,,,,,,,us-east-1b,,,,AWS,ami-cbdd50dc,t2.micro,1,us-east-1b,AWS,ami-cbdd50dc,t2.micro,1,us-east-1b,,
1469813483.252753,ping,Average Latency,0.838,ms,PerfKitBenchmarker,False,root,b07719ea-c7bbe2c1-384d-495e-8d71-e0ab8b4c3e3c,a1adc8e5-2a35-4a69-a50b-b98f17a60748,,,,,,,,,,,,,,,,,,,,,,,internal,,,,,,,,,,,,,,,,,,,,,,,,,,,unknown,,,us-east-1b,,,,,,,,,us-east-1b,,,,AWS,ami-cbdd50dc,t2.micro,1,us-east-1b,AWS,ami-cbdd50dc,t2.micro,1,us-east-1b,,
1469813483.252756,ping,Max Latency,4.126,ms,PerfKitBenchmarker,False,root,b07719ea-c7bbe2c1-384d-495e-8d71-e0ab8b4c3e3c,eabbe9c0-7c77-4f11-9588-a500139c1245,,,,,,,,,,,,,,,,,,,,,,,internal,,,,,,,,,,,,,,,,,,,,,,,,,,,unknown,,,us-east-1b,,,,,,,,,us-east-1b,,,,AWS,ami-cbdd50dc,t2.micro,1,us-east-1b,AWS,ami-cbdd50dc,t2.micro,1,us-east-1b,,
1469813483.25276,ping,Latency Std Dev,0.383,ms,PerfKitBenchmarker,False,root,b07719ea-c7bbe2c1-384d-495e-8d71-e0ab8b4c3e3c,5676d194-bfd5-4e76-b081-074d5e032863,,,,,,,,,,,,,,,,,,,,,,,internal,,,,,,,,,,,,,,,,,,,,,,,,,,,unknown,,,us-east-1b,,,,,,,,,us-east-1b,,,,AWS,ami-cbdd50dc,t2.micro,1,us-east-1b,AWS,ami-cbdd50dc,t2.micro,1,us-east-1b,,
1469813583.410377,ping,Min Latency,0.629,ms,PerfKitBenchmarker,False,root,b07719ea-c7bbe2c1-384d-495e-8d71-e0ab8b4c3e3c,8b1c7c81-c79a-4b9d-81d2-538681d3f600,,,,,,,,,,,,,,,,,,,,,,,internal,,,,,,,,,,,,,,,,,,,,,,,,,,,unknown,,,us-east-1b,,,,,,,,,us-east-1b,,,,AWS,ami-cbdd50dc,t2.micro,1,us-east-1b,AWS,ami-cbdd50dc,t2.micro,1,us-east-1b,,
1469813583.410405,ping,Average Latency,0.841,ms,PerfKitBenchmarker,False,root,b07719ea-c7bbe2c1-384d-495e-8d71-e0ab8b4c3e3c,22bc7b93-8de3-42c4-a7fa-3d256babba9f,,,,,,,,,,,,,,,,,,,,,,,internal,,,,,,,,,,,,,,,,,,,,,,,,,,,unknown,,,us-east-1b,,,,,,,,,us-east-1b,,,,AWS,ami-cbdd50dc,t2.micro,1,us-east-1b,AWS,ami-cbdd50dc,t2.micro,1,us-east-1b,,
1469813583.41041,ping,Max Latency,2.813,ms,PerfKitBenchmarker,False,root,b07719ea-c7bbe2c1-384d-495e-8d71-e0ab8b4c3e3c,31427da3-177b-4280-93fb-1b238cd8f743,,,,,,,,,,,,,,,,,,,,,,,internal,,,,,,,,,,,,,,,,,,,,,,,,,,,unknown,,,us-east-1b,,,,,,,,,us-east-1b,,,,AWS,ami-cbdd50dc,t2.micro,1,us-east-1b,AWS,ami-cbdd50dc,t2.micro,1,us-east-1b,,
1469813583.410413,ping,Latency Std Dev,0.264,ms,PerfKitBenchmarker,False,root,b07719ea-c7bbe2c1-384d-495e-8d71-e0ab8b4c3e3c,93067599-8722-417f-9386-c7ae6bcd6fff,,,,,,,,,,,,,,,,,,,,,,,internal,,,,,,,,,,,,,,,,,,,,,,,,,,,unknown,,,us-east-1b,,,,,,,,,us-east-1b,,,,AWS,ami-cbdd50dc,t2.micro,1,us-east-1b,AWS,ami-cbdd50dc,t2.micro,1,us-east-1b,,
1469813753.600217,ping,End to End Runtime,631.4395849704742,seconds,PerfKitBenchmarker,False,root,b07719ea-c7bbe2c1-384d-495e-8d71-e0ab8b4c3e3c,c230741c-72f0-41cb-b986-8b778634f431,,,,,,,,,,,,,,,,,,,,,,,,,,,,,,,,,,,,,,,,,,,,,,,,,,unknown,,,,,,,,,,,,,,,,AWS,ami-cbdd50dc,t2.micro,1,us-east-1b,AWS,ami-cbdd50dc,t2.micro,1,us-east-1b,,
1469814524.687555,fio,random_write_rest:read:bandwidth,5557,KB/s,PerfKitBenchmarker,False,root,b07719ea-2f106a41-3a64-4cac-ad99-fea628959470,a45853bf-1196-405b-a817-f57e436d9d9a,,4k,6.26,88.25,557,348.12,27,AWS,standard,hdd,1,zone,500,standard,1,fio_test_file,random_write_rest,,ami-cbdd50dc,,1,libaio,,t2.micro,,,,,,1,16,1,,,,,,,,,,,,,,,,,,unknown,0,,,60,,randwrite,,500,standard,,,,1G,,,,,,,,,,,,,1,us-east-1b
1469814524.686705,fio,random_write_rest:read:latency,11506.83,usec,PerfKitBenchmarker,False,root,b07719ea-2f106a41-3a64-4cac-ad99-fea628959470,19bbd80f-b266-4ff9-8844-a170d649c6e0,,4k,,,,,,AWS,standard,hdd,1,zone,500,standard,1,fio_test_file,random_write_rest,,ami-cbdd50dc,,1,libaio,,t2.micro,250433,11506.83,864,,,1,16,1,3504,4384,5216,6112,7072,3952,8160,9536,11328,14272,19840,25472,74240,129536,148480,168960,214016,unknown,0,,,60,,randwrite,,500,standard,,,,1G,14042.7,,,,,,,,,,,,1,us-east-1b
1469814524.686705,fio,random_write_rest:read:latency:min,864,usec,PerfKitBenchmarker,False,root,b07719ea-2f106a41-3a64-4cac-ad99-fea628959470,92728e8d-1f58-4724-b9eb-3925935aebec,,4k,,,,,,AWS,standard,hdd,1,zone,500,standard,1,fio_test_file,random_write_rest,,ami-cbdd50dc,,1,libaio,,t2.micro,,,,,,1,16,1,,,,,,,,,,,,,,,,,,unknown,0,,,60,,randwrite,,500,standard,,,,1G,,,,,,,,,,,,,1,us-east-1b
1469814524.686705,fio,random_write_rest:read:latency:max,250433,usec,PerfKitBenchmarker,False,root,b07719ea-2f106a41-3a64-4cac-ad99-fea628959470,9de58147-cc66-4602-a769-1e0ebcd8ada9,,4k,,,,,,AWS,standard,hdd,1,zone,500,standard,1,fio_test_file,random_write_rest,,ami-cbdd50dc,,1,libaio,,t2.micro,,,,,,1,16,1,,,,,,,,,,,,,,,,,,unknown,0,,,60,,randwrite,,500,standard,,,,1G,,,,,,,,,,,,,1,us-east-1b
1469814524.686705,fio,random_write_rest:read:latency:mean,11506.83,usec,PerfKitBenchmarker,False,root,b07719ea-2f106a41-3a64-4cac-ad99-fea628959470,80d596c1-a64c-4830-ac0f-05c69c95d496,,4k,,,,,,AWS,standard,hdd,1,zone,500,standard,1,fio_test_file,random_write_rest,,ami-cbdd50dc,,1,libaio,,t2.micro,,,,,,1,16,1,,,,,,,,,,,,,,,,,,unknown,0,,,60,,randwrite,,500,standard,,,,1G,,,,,,,,,,,,,1,us-east-1b
1469814524.686705,fio,random_write_rest:read:latency:stddev,14042.7,usec,PerfKitBenchmarker,False,root,b07719ea-2f106a41-3a64-4cac-ad99-fea628959470,f1e284dd-5ee0-457c-9cbd-7bb7687b8849,,4k,,,,,,AWS,standard,hdd,1,zone,500,standard,1,fio_test_file,random_write_rest,,ami-cbdd50dc,,1,libaio,,t2.micro,,,,,,1,16,1,,,,,,,,,,,,,,,,,,unknown,0,,,60,,randwrite,,500,standard,,,,1G,,,,,,,,,,,,,1,us-east-1b
1469814524.686705,fio,random_write_rest:read:latency:p1,3504,usec,PerfKitBenchmarker,False,root,b07719ea-2f106a41-3a64-4cac-ad99-fea628959470,271d331a-514c-4ce6-832f-9e5d89b58fdd,,4k,,,,,,AWS,standard,hdd,1,zone,500,standard,1,fio_test_file,random_write_rest,,ami-cbdd50dc,,1,libaio,,t2.micro,,,,,,1,16,1,,,,,,,,,,,,,,,,,,unknown,0,,,60,,randwrite,,500,standard,,,,1G,,,,,,,,,,,,,1,us-east-1b
1469814524.686705,fio,random_write_rest:read:latency:p5,3952,usec,PerfKitBenchmarker,False,root,b07719ea-2f106a41-3a64-4cac-ad99-fea628959470,9b5e6ffd-0ebc-41e2-a025-a6472f2387f5,,4k,,,,,,AWS,standard,hdd,1,zone,500,standard,1,fio_test_file,random_write_rest,,ami-cbdd50dc,,1,libaio,,t2.micro,,,,,,1,16,1,,,,,,,,,,,,,,,,,,unknown,0,,,60,,randwrite,,500,standard,,,,1G,,,,,,,,,,,,,1,us-east-1b
1469814524.686705,fio,random_write_rest:read:latency:p10,4384,usec,PerfKitBenchmarker,False,root,b07719ea-2f106a41-3a64-4cac-ad99-fea628959470,e023aaec-9810-4a87-9b0c-a20a300a2126,,4k,,,,,,AWS,standard,hdd,1,zone,500,standard,1,fio_test_file,random_write_rest,,ami-cbdd50dc,,1,libaio,,t2.micro,,,,,,1,16,1,,,,,,,,,,,,,,,,,,unknown,0,,,60,,randwrite,,500,standard,,,,1G,,,,,,,,,,,,,1,us-east-1b
1469814524.686705,fio,random_write_rest:read:latency:p20,5216,usec,PerfKitBenchmarker,False,root,b07719ea-2f106a41-3a64-4cac-ad99-fea628959470,2961240f-16cb-46cf-8e4d-7d30ef3a2397,,4k,,,,,,AWS,standard,hdd,1,zone,500,standard,1,fio_test_file,random_write_rest,,ami-cbdd50dc,,1,libaio,,t2.micro,,,,,,1,16,1,,,,,,,,,,,,,,,,,,unknown,0,,,60,,randwrite,,500,standard,,,,1G,,,,,,,,,,,,,1,us-east-1b
1469814524.686705,fio,random_write_rest:read:latency:p30,6112,usec,PerfKitBenchmarker,False,root,b07719ea-2f106a41-3a64-4cac-ad99-fea628959470,03f31718-0a17-44ff-841d-5ebd4383f683,,4k,,,,,,AWS,standard,hdd,1,zone,500,standard,1,fio_test_file,random_write_rest,,ami-cbdd50dc,,1,libaio,,t2.micro,,,,,,1,16,1,,,,,,,,,,,,,,,,,,unknown,0,,,60,,randwrite,,500,standard,,,,1G,,,,,,,,,,,,,1,us-east-1b
1469814524.686705,fio,random_write_rest:read:latency:p40,7072,usec,PerfKitBenchmarker,False,root,b07719ea-2f106a41-3a64-4cac-ad99-fea628959470,02531516-20a9-4dee-9dcc-5ccdc19ee2c3,,4k,,,,,,AWS,standard,hdd,1,zone,500,standard,1,fio_test_file,random_write_rest,,ami-cbdd50dc,,1,libaio,,t2.micro,,,,,,1,16,1,,,,,,,,,,,,,,,,,,unknown,0,,,60,,randwrite,,500,standard,,,,1G,,,,,,,,,,,,,1,us-east-1b
1469814524.686705,fio,random_write_rest:read:latency:p50,8160,usec,PerfKitBenchmarker,False,root,b07719ea-2f106a41-3a64-4cac-ad99-fea628959470,6ec43c13-5671-4073-833d-47ae1b480736,,4k,,,,,,AWS,standard,hdd,1,zone,500,standard,1,fio_test_file,random_write_rest,,ami-cbdd50dc,,1,libaio,,t2.micro,,,,,,1,16,1,,,,,,,,,,,,,,,,,,unknown,0,,,60,,randwrite,,500,standard,,,,1G,,,,,,,,,,,,,1,us-east-1b
1469814524.686705,fio,random_write_rest:read:latency:p60,9536,usec,PerfKitBenchmarker,False,root,b07719ea-2f106a41-3a64-4cac-ad99-fea628959470,c3279bc8-2b67-44bc-a0ad-0aa5b1618fa9,,4k,,,,,,AWS,standard,hdd,1,zone,500,standard,1,fio_test_file,random_write_rest,,ami-cbdd50dc,,1,libaio,,t2.micro,,,,,,1,16,1,,,,,,,,,,,,,,,,,,unknown,0,,,60,,randwrite,,500,standard,,,,1G,,,,,,,,,,,,,1,us-east-1b
1469814524.686705,fio,random_write_rest:read:latency:p70,11328,usec,PerfKitBenchmarker,False,root,b07719ea-2f106a41-3a64-4cac-ad99-fea628959470,2cc6cbae-be3c-4f41-a3e2-7b62cd74e7a2,,4k,,,,,,AWS,standard,hdd,1,zone,500,standard,1,fio_test_file,random_write_rest,,ami-cbdd50dc,,1,libaio,,t2.micro,,,,,,1,16,1,,,,,,,,,,,,,,,,,,unknown,0,,,60,,randwrite,,500,standard,,,,1G,,,,,,,,,,,,,1,us-east-1b
1469814524.686705,fio,random_write_rest:read:latency:p80,14272,usec,PerfKitBenchmarker,False,root,b07719ea-2f106a41-3a64-4cac-ad99-fea628959470,9e99c38a-34ca-41f6-ab09-6997aa262310,,4k,,,,,,AWS,standard,hdd,1,zone,500,standard,1,fio_test_file,random_write_rest,,ami-cbdd50dc,,1,libaio,,t2.micro,,,,,,1,16,1,,,,,,,,,,,,,,,,,,unknown,0,,,60,,randwrite,,500,standard,,,,1G,,,,,,,,,,,,,1,us-east-1b
1469814524.686705,fio,random_write_rest:read:latency:p90,19840,usec,PerfKitBenchmarker,False,root,b07719ea-2f106a41-3a64-4cac-ad99-fea628959470,c0752072-68a4-4a0a-9597-750332d17127,,4k,,,,,,AWS,standard,hdd,1,zone,500,standard,1,fio_test_file,random_write_rest,,ami-cbdd50dc,,1,libaio,,t2.micro,,,,,,1,16,1,,,,,,,,,,,,,,,,,,unknown,0,,,60,,randwrite,,500,standard,,,,1G,,,,,,,,,,,,,1,us-east-1b
1469814524.686705,fio,random_write_rest:read:latency:p95,25472,usec,PerfKitBenchmarker,False,root,b07719ea-2f106a41-3a64-4cac-ad99-fea628959470,01323bcc-9f03-426a-a83b-7e3f356618d0,,4k,,,,,,AWS,standard,hdd,1,zone,500,standard,1,fio_test_file,random_write_rest,,ami-cbdd50dc,,1,libaio,,t2.micro,,,,,,1,16,1,,,,,,,,,,,,,,,,,,unknown,0,,,60,,randwrite,,500,standard,,,,1G,,,,,,,,,,,,,1,us-east-1b
1469814524.686705,fio,random_write_rest:read:latency:p99,74240,usec,PerfKitBenchmarker,False,root,b07719ea-2f106a41-3a64-4cac-ad99-fea628959470,9bd47ff6-f6ef-4205-b959-d9564f9a50e8,,4k,,,,,,AWS,standard,hdd,1,zone,500,standard,1,fio_test_file,random_write_rest,,ami-cbdd50dc,,1,libaio,,t2.micro,,,,,,1,16,1,,,,,,,,,,,,,,,,,,unknown,0,,,60,,randwrite,,500,standard,,,,1G,,,,,,,,,,,,,1,us-east-1b
1469814524.686705,fio,random_write_rest:read:latency:p99.5,129536,usec,PerfKitBenchmarker,False,root,b07719ea-2f106a41-3a64-4cac-ad99-fea628959470,84cc1e7a-2776-4434-8bed-81ac4c9ed833,,4k,,,,,,AWS,standard,hdd,1,zone,500,standard,1,fio_test_file,random_write_rest,,ami-cbdd50dc,,1,libaio,,t2.micro,,,,,,1,16,1,,,,,,,,,,,,,,,,,,unknown,0,,,60,,randwrite,,500,standard,,,,1G,,,,,,,,,,,,,1,us-east-1b
1469814524.686705,fio,random_write_rest:read:latency:p99.9,148480,usec,PerfKitBenchmarker,False,root,b07719ea-2f106a41-3a64-4cac-ad99-fea628959470,c6f002a2-cfa4-4a9e-961e-84199c488c5c,,4k,,,,,,AWS,standard,hdd,1,zone,500,standard,1,fio_test_file,random_write_rest,,ami-cbdd50dc,,1,libaio,,t2.micro,,,,,,1,16,1,,,,,,,,,,,,,,,,,,unknown,0,,,60,,randwrite,,500,standard,,,,1G,,,,,,,,,,,,,1,us-east-1b
1469814524.686705,fio,random_write_rest:read:latency:p99.95,168960,usec,PerfKitBenchmarker,False,root,b07719ea-2f106a41-3a64-4cac-ad99-fea628959470,74c97169-8120-4eca-8c1c-004aa491a5c1,,4k,,,,,,AWS,standard,hdd,1,zone,500,standard,1,fio_test_file,random_write_rest,,ami-cbdd50dc,,1,libaio,,t2.micro,,,,,,1,16,1,,,,,,,,,,,,,,,,,,unknown,0,,,60,,randwrite,,500,standard,,,,1G,,,,,,,,,,,,,1,us-east-1b
1469814524.686705,fio,random_write_rest:read:latency:p99.99,214016,usec,PerfKitBenchmarker,False,root,b07719ea-2f106a41-3a64-4cac-ad99-fea628959470,5ea13fe4-7f71-421e-9807-fa6a7bd9f185,,4k,,,,,,AWS,standard,hdd,1,zone,500,standard,1,fio_test_file,random_write_rest,,ami-cbdd50dc,,1,libaio,,t2.micro,,,,,,1,16,1,,,,,,,,,,,,,,,,,,unknown,0,,,60,,randwrite,,500,standard,,,,1G,,,,,,,,,,,,,1,us-east-1b
1469814524.686705,fio,random_write_rest:read:iops,1389.46,,PerfKitBenchmarker,False,root,b07719ea-2f106a41-3a64-4cac-ad99-fea628959470,4c213d92-05c6-4664-96bb-52700c1a3445,,4k,,,,,,AWS,standard,hdd,1,zone,500,standard,1,fio_test_file,random_write_rest,,ami-cbdd50dc,,1,libaio,,t2.micro,,,,,,1,16,1,,,,,,,,,,,,,,,,,,unknown,0,,,60,,randwrite,,500,standard,,,,1G,,,,,,,,,,,,,1,us-east-1b
1469814524.687687,fio,random_write_rest:write:bandwidth,5349,KB/s,PerfKitBenchmarker,False,root,b07719ea-2f106a41-3a64-4cac-ad99-fea628959470,a1f5adb0-bba7-4a77-bfb9-1fb9e13d1db7,,4k,6.26,83.81,533,335.11,25,AWS,standard,hdd,1,zone,500,standard,1,fio_test_file,random_write_rest,,ami-cbdd50dc,,1,libaio,,t2.micro,,,,,,1,16,1,,,,,,,,,,,,,,,,,,unknown,0,,,60,,randwrite,,500,standard,,,,1G,,,,,,,,,,,,,1,us-east-1b
1469814524.686705,fio,random_write_rest:write:latency,11954.22,usec,PerfKitBenchmarker,False,root,b07719ea-2f106a41-3a64-4cac-ad99-fea628959470,860607dc-eeef-46bd-a79c-9eda50299d31,,4k,,,,,,AWS,standard,hdd,1,zone,500,standard,1,fio_test_file,random_write_rest,,ami-cbdd50dc,,1,libaio,,t2.micro,254551,11954.22,1213,,,1,16,1,3664,4576,5472,6432,7456,4128,8512,10048,11968,14912,20352,26240,82432,130560,150528,168960,224256,unknown,0,,,60,,randwrite,,500,standard,,,,1G,14290.87,,,,,,,,,,,,1,us-east-1b
1469814524.686705,fio,random_write_rest:write:latency:min,1213,usec,PerfKitBenchmarker,False,root,b07719ea-2f106a41-3a64-4cac-ad99-fea628959470,8dc8d46a-81e3-4652-b38e-dbf0ba9c6cee,,4k,,,,,,AWS,standard,hdd,1,zone,500,standard,1,fio_test_file,random_write_rest,,ami-cbdd50dc,,1,libaio,,t2.micro,,,,,,1,16,1,,,,,,,,,,,,,,,,,,unknown,0,,,60,,randwrite,,500,standard,,,,1G,,,,,,,,,,,,,1,us-east-1b
1469814524.686705,fio,random_write_rest:write:latency:max,254551,usec,PerfKitBenchmarker,False,root,b07719ea-2f106a41-3a64-4cac-ad99-fea628959470,3857262e-d34a-40d2-a2ba-6c2bd99a0000,,4k,,,,,,AWS,standard,hdd,1,zone,500,standard,1,fio_test_file,random_write_rest,,ami-cbdd50dc,,1,libaio,,t2.micro,,,,,,1,16,1,,,,,,,,,,,,,,,,,,unknown,0,,,60,,randwrite,,500,standard,,,,1G,,,,,,,,,,,,,1,us-east-1b
1469814524.686705,fio,random_write_rest:write:latency:mean,11954.22,usec,PerfKitBenchmarker,False,root,b07719ea-2f106a41-3a64-4cac-ad99-fea628959470,f2477b89-28c1-4c09-b644-f3b7aa37541b,,4k,,,,,,AWS,standard,hdd,1,zone,500,standard,1,fio_test_file,random_write_rest,,ami-cbdd50dc,,1,libaio,,t2.micro,,,,,,1,16,1,,,,,,,,,,,,,,,,,,unknown,0,,,60,,randwrite,,500,standard,,,,1G,,,,,,,,,,,,,1,us-east-1b
1469814524.686705,fio,random_write_rest:write:latency:stddev,14290.87,usec,PerfKitBenchmarker,False,root,b07719ea-2f106a41-3a64-4cac-ad99-fea628959470,00ee8530-66f5-40e4-a79c-06e67206aea4,,4k,,,,,,AWS,standard,hdd,1,zone,500,standard,1,fio_test_file,random_write_rest,,ami-cbdd50dc,,1,libaio,,t2.micro,,,,,,1,16,1,,,,,,,,,,,,,,,,,,unknown,0,,,60,,randwrite,,500,standard,,,,1G,,,,,,,,,,,,,1,us-east-1b
1469814524.686705,fio,random_write_rest:write:latency:p1,3664,usec,PerfKitBenchmarker,False,root,b07719ea-2f106a41-3a64-4cac-ad99-fea628959470,b229fba1-bdf7-41e9-9e49-126c19d18f07,,4k,,,,,,AWS,standard,hdd,1,zone,500,standard,1,fio_test_file,random_write_rest,,ami-cbdd50dc,,1,libaio,,t2.micro,,,,,,1,16,1,,,,,,,,,,,,,,,,,,unknown,0,,,60,,randwrite,,500,standard,,,,1G,,,,,,,,,,,,,1,us-east-1b
1469814524.686705,fio,random_write_rest:write:latency:p5,4128,usec,PerfKitBenchmarker,False,root,b07719ea-2f106a41-3a64-4cac-ad99-fea628959470,1536da8c-cf00-494c-9060-b13898501770,,4k,,,,,,AWS,standard,hdd,1,zone,500,standard,1,fio_test_file,random_write_rest,,ami-cbdd50dc,,1,libaio,,t2.micro,,,,,,1,16,1,,,,,,,,,,,,,,,,,,unknown,0,,,60,,randwrite,,500,standard,,,,1G,,,,,,,,,,,,,1,us-east-1b
1469814524.686705,fio,random_write_rest:write:latency:p10,4576,usec,PerfKitBenchmarker,False,root,b07719ea-2f106a41-3a64-4cac-ad99-fea628959470,8a7afb07-84ac-4f99-8328-00fd1692e97c,,4k,,,,,,AWS,standard,hdd,1,zone,500,standard,1,fio_test_file,random_write_rest,,ami-cbdd50dc,,1,libaio,,t2.micro,,,,,,1,16,1,,,,,,,,,,,,,,,,,,unknown,0,,,60,,randwrite,,500,standard,,,,1G,,,,,,,,,,,,,1,us-east-1b
1469814524.686705,fio,random_write_rest:write:latency:p20,5472,usec,PerfKitBenchmarker,False,root,b07719ea-2f106a41-3a64-4cac-ad99-fea628959470,b1ea61ec-a24a-4803-917a-dc94600fac67,,4k,,,,,,AWS,standard,hdd,1,zone,500,standard,1,fio_test_file,random_write_rest,,ami-cbdd50dc,,1,libaio,,t2.micro,,,,,,1,16,1,,,,,,,,,,,,,,,,,,unknown,0,,,60,,randwrite,,500,standard,,,,1G,,,,,,,,,,,,,1,us-east-1b
1469814524.686705,fio,random_write_rest:write:latency:p30,6432,usec,PerfKitBenchmarker,False,root,b07719ea-2f106a41-3a64-4cac-ad99-fea628959470,e5b86382-8ebc-4872-ad3a-3af74048bc7e,,4k,,,,,,AWS,standard,hdd,1,zone,500,standard,1,fio_test_file,random_write_rest,,ami-cbdd50dc,,1,libaio,,t2.micro,,,,,,1,16,1,,,,,,,,,,,,,,,,,,unknown,0,,,60,,randwrite,,500,standard,,,,1G,,,,,,,,,,,,,1,us-east-1b
1469814524.686705,fio,random_write_rest:write:latency:p40,7456,usec,PerfKitBenchmarker,False,root,b07719ea-2f106a41-3a64-4cac-ad99-fea628959470,268837d9-9044-4980-956c-c415fc4d89d5,,4k,,,,,,AWS,standard,hdd,1,zone,500,standard,1,fio_test_file,random_write_rest,,ami-cbdd50dc,,1,libaio,,t2.micro,,,,,,1,16,1,,,,,,,,,,,,,,,,,,unknown,0,,,60,,randwrite,,500,standard,,,,1G,,,,,,,,,,,,,1,us-east-1b
1469814524.686705,fio,random_write_rest:write:latency:p50,8512,usec,PerfKitBenchmarker,False,root,b07719ea-2f106a41-3a64-4cac-ad99-fea628959470,7acd1fdf-6434-4dfe-8957-29f96844141e,,4k,,,,,,AWS,standard,hdd,1,zone,500,standard,1,fio_test_file,random_write_rest,,ami-cbdd50dc,,1,libaio,,t2.micro,,,,,,1,16,1,,,,,,,,,,,,,,,,,,unknown,0,,,60,,randwrite,,500,standard,,,,1G,,,,,,,,,,,,,1,us-east-1b
1469814524.686705,fio,random_write_rest:write:latency:p60,10048,usec,PerfKitBenchmarker,False,root,b07719ea-2f106a41-3a64-4cac-ad99-fea628959470,1548f87c-41ad-4583-90b8-72f639bb55c3,,4k,,,,,,AWS,standard,hdd,1,zone,500,standard,1,fio_test_file,random_write_rest,,ami-cbdd50dc,,1,libaio,,t2.micro,,,,,,1,16,1,,,,,,,,,,,,,,,,,,unknown,0,,,60,,randwrite,,500,standard,,,,1G,,,,,,,,,,,,,1,us-east-1b
1469814524.686705,fio,random_write_rest:write:latency:p70,11968,usec,PerfKitBenchmarker,False,root,b07719ea-2f106a41-3a64-4cac-ad99-fea628959470,5aa0aed4-342d-4cdc-bc56-eef25b2128c8,,4k,,,,,,AWS,standard,hdd,1,zone,500,standard,1,fio_test_file,random_write_rest,,ami-cbdd50dc,,1,libaio,,t2.micro,,,,,,1,16,1,,,,,,,,,,,,,,,,,,unknown,0,,,60,,randwrite,,500,standard,,,,1G,,,,,,,,,,,,,1,us-east-1b
1469814524.686705,fio,random_write_rest:write:latency:p80,14912,usec,PerfKitBenchmarker,False,root,b07719ea-2f106a41-3a64-4cac-ad99-fea628959470,4dad9143-2b2a-4115-ac10-fdc8d63055d0,,4k,,,,,,AWS,standard,hdd,1,zone,500,standard,1,fio_test_file,random_write_rest,,ami-cbdd50dc,,1,libaio,,t2.micro,,,,,,1,16,1,,,,,,,,,,,,,,,,,,unknown,0,,,60,,randwrite,,500,standard,,,,1G,,,,,,,,,,,,,1,us-east-1b
1469814524.686705,fio,random_write_rest:write:latency:p90,20352,usec,PerfKitBenchmarker,False,root,b07719ea-2f106a41-3a64-4cac-ad99-fea628959470,6a8a7c98-f032-432e-89e9-41fc95527704,,4k,,,,,,AWS,standard,hdd,1,zone,500,standard,1,fio_test_file,random_write_rest,,ami-cbdd50dc,,1,libaio,,t2.micro,,,,,,1,16,1,,,,,,,,,,,,,,,,,,unknown,0,,,60,,randwrite,,500,standard,,,,1G,,,,,,,,,,,,,1,us-east-1b
1469814524.686705,fio,random_write_rest:write:latency:p95,26240,usec,PerfKitBenchmarker,False,root,b07719ea-2f106a41-3a64-4cac-ad99-fea628959470,31f7b08f-6d54-4f36-9763-c50387663f0a,,4k,,,,,,AWS,standard,hdd,1,zone,500,standard,1,fio_test_file,random_write_rest,,ami-cbdd50dc,,1,libaio,,t2.micro,,,,,,1,16,1,,,,,,,,,,,,,,,,,,unknown,0,,,60,,randwrite,,500,standard,,,,1G,,,,,,,,,,,,,1,us-east-1b
1469814524.686705,fio,random_write_rest:write:latency:p99,82432,usec,PerfKitBenchmarker,False,root,b07719ea-2f106a41-3a64-4cac-ad99-fea628959470,2e99dcf4-4521-4878-8cdf-44e50176ba69,,4k,,,,,,AWS,standard,hdd,1,zone,500,standard,1,fio_test_file,random_write_rest,,ami-cbdd50dc,,1,libaio,,t2.micro,,,,,,1,16,1,,,,,,,,,,,,,,,,,,unknown,0,,,60,,randwrite,,500,standard,,,,1G,,,,,,,,,,,,,1,us-east-1b
1469814524.686705,fio,random_write_rest:write:latency:p99.5,130560,usec,PerfKitBenchmarker,False,root,b07719ea-2f106a41-3a64-4cac-ad99-fea628959470,c95e3c1f-fea4-4a29-80d2-0b07cf2f3985,,4k,,,,,,AWS,standard,hdd,1,zone,500,standard,1,fio_test_file,random_write_rest,,ami-cbdd50dc,,1,libaio,,t2.micro,,,,,,1,16,1,,,,,,,,,,,,,,,,,,unknown,0,,,60,,randwrite,,500,standard,,,,1G,,,,,,,,,,,,,1,us-east-1b
1469814524.686705,fio,random_write_rest:write:latency:p99.9,150528,usec,PerfKitBenchmarker,False,root,b07719ea-2f106a41-3a64-4cac-ad99-fea628959470,18f59a4f-322d-4328-913d-d25dbaf3c297,,4k,,,,,,AWS,standard,hdd,1,zone,500,standard,1,fio_test_file,random_write_rest,,ami-cbdd50dc,,1,libaio,,t2.micro,,,,,,1,16,1,,,,,,,,,,,,,,,,,,unknown,0,,,60,,randwrite,,500,standard,,,,1G,,,,,,,,,,,,,1,us-east-1b
1469814524.686705,fio,random_write_rest:write:latency:p99.95,168960,usec,PerfKitBenchmarker,False,root,b07719ea-2f106a41-3a64-4cac-ad99-fea628959470,85133260-f89a-443e-903d-fc201e43c5ea,,4k,,,,,,AWS,standard,hdd,1,zone,500,standard,1,fio_test_file,random_write_rest,,ami-cbdd50dc,,1,libaio,,t2.micro,,,,,,1,16,1,,,,,,,,,,,,,,,,,,unknown,0,,,60,,randwrite,,500,standard,,,,1G,,,,,,,,,,,,,1,us-east-1b
1469814524.686705,fio,random_write_rest:write:latency:p99.99,224256,usec,PerfKitBenchmarker,False,root,b07719ea-2f106a41-3a64-4cac-ad99-fea628959470,b848a048-09bc-4fbe-9d70-5d73e4308f87,,4k,,,,,,AWS,standard,hdd,1,zone,500,standard,1,fio_test_file,random_write_rest,,ami-cbdd50dc,,1,libaio,,t2.micro,,,,,,1,16,1,,,,,,,,,,,,,,,,,,unknown,0,,,60,,randwrite,,500,standard,,,,1G,,,,,,,,,,,,,1,us-east-1b
1469814524.686705,fio,random_write_rest:write:iops,1337.38,,PerfKitBenchmarker,False,root,b07719ea-2f106a41-3a64-4cac-ad99-fea628959470,f54ece0b-679e-4cf3-a0b5-a043b5de9d9d,,4k,,,,,,AWS,standard,hdd,1,zone,500,standard,1,fio_test_file,random_write_rest,,ami-cbdd50dc,,1,libaio,,t2.micro,,,,,,1,16,1,,,,,,,,,,,,,,,,,,unknown,0,,,60,,randwrite,,500,standard,,,,1G,,,,,,,,,,,,,1,us-east-1b
1469814721.180128,fio,End to End Runtime,967.577516078949,seconds,PerfKitBenchmarker,False,root,b07719ea-2f106a41-3a64-4cac-ad99-fea628959470,7da48011-f225-40d1-9279-1c09cf5b20a3,,,,,,,,AWS,standard,hdd,1,zone,500,standard,,,,,ami-cbdd50dc,,,,,t2.micro,,,,,,1,,,,,,,,,,,,,,,,,,,,unknown,,,,,,,,500,standard,,,,,,,,,,,,,,,,,1,us-east-1b
1469815152.457904,coremark,Coremark Score,13823.610727,,PerfKitBenchmarker,False,root,b07719ea-d1ddf036-022f-4da5-88cc-d4a5b979c9bb,15c8aa6f-436c-490f-bf57-e3f2b1c20add,,,,,,,,AWS,,,,,,,,,,,ami-cbdd50dc,,,,,t2.micro,,,,1,,,,,,,,,,,,,,,,,,,,,,unknown,,,,,,,,,,,,,,,,,,,,,,,,,,1,us-east-1a
1469815269.364417,coremark,End to End Runtime,548.1811900138855,seconds,PerfKitBenchmarker,False,root,b07719ea-d1ddf036-022f-4da5-88cc-d4a5b979c9bb,889d8a3c-1666-4909-96e4-1faad4a6d78b,,,,,,,,AWS,,,,,,,,,,,ami-cbdd50dc,,,,,t2.micro,,,,,,,,,,,,,,,,,,,,,,,,,,unknown,,,,,,,,,,,,,,,,,,,,,,,,,,1,us-east-1a
1469816323.310703,unixbench,Dhrystone 2 using register variables,32611936.6,lps,PerfKitBenchmarker,False,root,b07719ea-79187baf-6dc1-4833-837a-b10d2482f346,ca65abec-94ea-4c7e-97dd-4f7289fcb67b,,,,,,,,AWS,standard,hdd,1,zone,500,standard,,,,,ami-cbdd50dc,,,,,t2.micro,,,,,1,1,,,,,,,,,,,,,,,,,,,,unknown,,,,,,,1,500,standard,,,,,,10.0s,,,,,,,,,,,1,us-east-1e
1469816323.310729,unixbench,Double-Precision Whetstone,4155.2,MWIPS,PerfKitBenchmarker,False,root,b07719ea-79187baf-6dc1-4833-837a-b10d2482f346,6ff74a83-70ba-4525-8850-12d497c04f5a,,,,,,,,AWS,standard,hdd,1,zone,500,standard,,,,,ami-cbdd50dc,,,,,t2.micro,,,,,1,1,,,,,,,,,,,,,,,,,,,,unknown,,,,,,,1,500,standard,,,,,,9.9s,,,,,,,,,,,1,us-east-1e
1469816323.310736,unixbench,Execl Throughput,4843.6,lps,PerfKitBenchmarker,False,root,b07719ea-79187baf-6dc1-4833-837a-b10d2482f346,a90c7b7e-e9af-48f6-b2d8-e024db46d475,,,,,,,,AWS,standard,hdd,1,zone,500,standard,,,,,ami-cbdd50dc,,,,,t2.micro,,,,,1,1,,,,,,,,,,,,,,,,,,,,unknown,,,,,,,1,500,standard,,,,,,29.2s,,,,,,,,,,,1,us-east-1e
1469816323.310743,unixbench,File Copy 1024 bufsize 2000 maxblocks,1393526.0,KBps,PerfKitBenchmarker,False,root,b07719ea-79187baf-6dc1-4833-837a-b10d2482f346,e3bc956a-7574-4be5-b762-f111d303a5d0,,,,,,,,AWS,standard,hdd,1,zone,500,standard,,,,,ami-cbdd50dc,,,,,t2.micro,,,,,1,1,,,,,,,,,,,,,,,,,,,,unknown,,,,,,,1,500,standard,,,,,,30.0s,,,,,,,,,,,1,us-east-1e
1469816323.310748,unixbench,File Copy 256 bufsize 500 maxblocks,381857.0,KBps,PerfKitBenchmarker,False,root,b07719ea-79187baf-6dc1-4833-837a-b10d2482f346,e5356e22-eb7a-4f69-8378-99c7d8352ca8,,,,,,,,AWS,standard,hdd,1,zone,500,standard,,,,,ami-cbdd50dc,,,,,t2.micro,,,,,1,1,,,,,,,,,,,,,,,,,,,,unknown,,,,,,,1,500,standard,,,,,,30.0s,,,,,,,,,,,1,us-east-1e
1469816323.310754,unixbench,File Copy 4096 bufsize 8000 maxblocks,3597476.0,KBps,PerfKitBenchmarker,False,root,b07719ea-79187baf-6dc1-4833-837a-b10d2482f346,6523a48e-d2c3-4697-8d46-5b8d1a4a9748,,,,,,,,AWS,standard,hdd,1,zone,500,standard,,,,,ami-cbdd50dc,,,,,t2.micro,,,,,1,1,,,,,,,,,,,,,,,,,,,,unknown,,,,,,,1,500,standard,,,,,,30.0s,,,,,,,,,,,1,us-east-1e
1469816323.31076,unixbench,Pipe Throughput,2342294.4,lps,PerfKitBenchmarker,False,root,b07719ea-79187baf-6dc1-4833-837a-b10d2482f346,f5f42974-d261-425d-8d9a-3c3922aea5fb,,,,,,,,AWS,standard,hdd,1,zone,500,standard,,,,,ami-cbdd50dc,,,,,t2.micro,,,,,1,1,,,,,,,,,,,,,,,,,,,,unknown,,,,,,,1,500,standard,,,,,,10.0s,,,,,,,,,,,1,us-east-1e
1469816323.310768,unixbench,Pipe-based Context Switching,355360.3,lps,PerfKitBenchmarker,False,root,b07719ea-79187baf-6dc1-4833-837a-b10d2482f346,35fc0125-5d94-4878-ba4c-f8a26b4dc799,,,,,,,,AWS,standard,hdd,1,zone,500,standard,,,,,ami-cbdd50dc,,,,,t2.micro,,,,,1,1,,,,,,,,,,,,,,,,,,,,unknown,,,,,,,1,500,standard,,,,,,10.0s,,,,,,,,,,,1,us-east-1e
1469816323.310774,unixbench,Process Creation,15238.2,lps,PerfKitBenchmarker,False,root,b07719ea-79187baf-6dc1-4833-837a-b10d2482f346,7757b59f-2be1-4fb2-9df3-cba4de54027f,,,,,,,,AWS,standard,hdd,1,zone,500,standard,,,,,ami-cbdd50dc,,,,,t2.micro,,,,,1,1,,,,,,,,,,,,,,,,,,,,unknown,,,,,,,1,500,standard,,,,,,30.0s,,,,,,,,,,,1,us-east-1e
1469816323.31078,unixbench,Shell Scripts (1 concurrent),8658.2,lpm,PerfKitBenchmarker,False,root,b07719ea-79187baf-6dc1-4833-837a-b10d2482f346,ce4c4b17-e25e-4e0e-a9b2-bed95f420c37,,,,,,,,AWS,standard,hdd,1,zone,500,standard,,,,,ami-cbdd50dc,,,,,t2.micro,,,,,1,1,,,,,,,,,,,,,,,,,,,,unknown,,,,,,,1,500,standard,,,,,,60.0s,,,,,,,,,,,1,us-east-1e
1469816323.310785,unixbench,Shell Scripts (8 concurrent),1131.0,lpm,PerfKitBenchmarker,False,root,b07719ea-79187baf-6dc1-4833-837a-b10d2482f346,cbb18230-c041-44c7-b461-473d986d5185,,,,,,,,AWS,standard,hdd,1,zone,500,standard,,,,,ami-cbdd50dc,,,,,t2.micro,,,,,1,1,,,,,,,,,,,,,,,,,,,,unknown,,,,,,,1,500,standard,,,,,,60.1s,,,,,,,,,,,1,us-east-1e
1469816323.310791,unixbench,System Call Overhead,4448769.3,lps,PerfKitBenchmarker,False,root,b07719ea-79187baf-6dc1-4833-837a-b10d2482f346,7b381217-1ba0-4952-9dad-c78358da2bb7,,,,,,,,AWS,standard,hdd,1,zone,500,standard,,,,,ami-cbdd50dc,,,,,t2.micro,,,,,1,1,,,,,,,,,,,,,,,,,,,,unknown,,,,,,,1,500,standard,,,,,,10.0s,,,,,,,,,,,1,us-east-1e
1469816323.312803,unixbench,Dhrystone 2 using register variables:score,32611936.6,,PerfKitBenchmarker,False,root,b07719ea-79187baf-6dc1-4833-837a-b10d2482f346,40396e67-2e56-4965-a2eb-1078bf24195c,116700.0,,,,,,,AWS,standard,hdd,1,zone,500,standard,,,,,ami-cbdd50dc,2794.5,,,,t2.micro,,,,,1,1,,,,,,,,,,,,,,,,,,,,unknown,,,,,,,,500,standard,,,,,,,,,,,,,,,,,1,us-east-1e
1469816323.312815,unixbench,Double-Precision Whetstone:score,4155.2,,PerfKitBenchmarker,False,root,b07719ea-79187baf-6dc1-4833-837a-b10d2482f346,fb7a8039-c8b0-45c1-825e-92ef10454f52,55.0,,,,,,,AWS,standard,hdd,1,zone,500,standard,,,,,ami-cbdd50dc,755.5,,,,t2.micro,,,,,1,1,,,,,,,,,,,,,,,,,,,,unknown,,,,,,,,500,standard,,,,,,,,,,,,,,,,,1,us-east-1e
1469816323.312822,unixbench,Execl Throughput:score,4843.6,,PerfKitBenchmarker,False,root,b07719ea-79187baf-6dc1-4833-837a-b10d2482f346,7877f663-ab43-4278-96f6-5707336370f4,43.0,,,,,,,AWS,standard,hdd,1,zone,500,standard,,,,,ami-cbdd50dc,1126.4,,,,t2.micro,,,,,1,1,,,,,,,,,,,,,,,,,,,,unknown,,,,,,,,500,standard,,,,,,,,,,,,,,,,,1,us-east-1e
1469816323.312827,unixbench,File Copy 1024 bufsize 2000 maxblocks:score,1393526.0,,PerfKitBenchmarker,False,root,b07719ea-79187baf-6dc1-4833-837a-b10d2482f346,85330611-f83b-40f6-995b-9d96d634df7a,3960.0,,,,,,,AWS,standard,hdd,1,zone,500,standard,,,,,ami-cbdd50dc,3519.0,,,,t2.micro,,,,,1,1,,,,,,,,,,,,,,,,,,,,unknown,,,,,,,,500,standard,,,,,,,,,,,,,,,,,1,us-east-1e
1469816323.312833,unixbench,File Copy 256 bufsize 500 maxblocks:score,381857.0,,PerfKitBenchmarker,False,root,b07719ea-79187baf-6dc1-4833-837a-b10d2482f346,ba1246c6-5f42-42ec-91fa-63c787cbc076,1655.0,,,,,,,AWS,standard,hdd,1,zone,500,standard,,,,,ami-cbdd50dc,2307.3,,,,t2.micro,,,,,1,1,,,,,,,,,,,,,,,,,,,,unknown,,,,,,,,500,standard,,,,,,,,,,,,,,,,,1,us-east-1e
1469816323.312839,unixbench,File Copy 4096 bufsize 8000 maxblocks:score,3597476.0,,PerfKitBenchmarker,False,root,b07719ea-79187baf-6dc1-4833-837a-b10d2482f346,1c6eefda-c3c8-42c0-bd7d-34158b555ac9,5800.0,,,,,,,AWS,standard,hdd,1,zone,500,standard,,,,,ami-cbdd50dc,6202.5,,,,t2.micro,,,,,1,1,,,,,,,,,,,,,,,,,,,,unknown,,,,,,,,500,standard,,,,,,,,,,,,,,,,,1,us-east-1e
1469816323.312844,unixbench,Pipe Throughput:score,2342294.4,,PerfKitBenchmarker,False,root,b07719ea-79187baf-6dc1-4833-837a-b10d2482f346,24d31807-7dbf-400b-ba08-1874f4cfa810,12440.0,,,,,,,AWS,standard,hdd,1,zone,500,standard,,,,,ami-cbdd50dc,1882.9,,,,t2.micro,,,,,1,1,,,,,,,,,,,,,,,,,,,,unknown,,,,,,,,500,standard,,,,,,,,,,,,,,,,,1,us-east-1e
1469816323.31285,unixbench,Pipe-based Context Switching:score,355360.3,,PerfKitBenchmarker,False,root,b07719ea-79187baf-6dc1-4833-837a-b10d2482f346,149ccbbb-fd8e-4684-9205-d0aaa8673dbe,4000.0,,,,,,,AWS,standard,hdd,1,zone,500,standard,,,,,ami-cbdd50dc,888.4,,,,t2.micro,,,,,1,1,,,,,,,,,,,,,,,,,,,,unknown,,,,,,,,500,standard,,,,,,,,,,,,,,,,,1,us-east-1e
1469816323.312855,unixbench,Process Creation:score,15238.2,,PerfKitBenchmarker,False,root,b07719ea-79187baf-6dc1-4833-837a-b10d2482f346,6bdca0e9-39ad-4c0f-b7ce-d4f26474a4cd,126.0,,,,,,,AWS,standard,hdd,1,zone,500,standard,,,,,ami-cbdd50dc,1209.4,,,,t2.micro,,,,,1,1,,,,,,,,,,,,,,,,,,,,unknown,,,,,,,,500,standard,,,,,,,,,,,,,,,,,1,us-east-1e
1469816323.31286,unixbench,Shell Scripts (1 concurrent):score,8658.2,,PerfKitBenchmarker,False,root,b07719ea-79187baf-6dc1-4833-837a-b10d2482f346,259efbec-6469-4cde-b0ca-6d51667fede4,42.4,,,,,,,AWS,standard,hdd,1,zone,500,standard,,,,,ami-cbdd50dc,2042.0,,,,t2.micro,,,,,1,1,,,,,,,,,,,,,,,,,,,,unknown,,,,,,,,500,standard,,,,,,,,,,,,,,,,,1,us-east-1e
1469816323.312865,unixbench,Shell Scripts (8 concurrent):score,1131.0,,PerfKitBenchmarker,False,root,b07719ea-79187baf-6dc1-4833-837a-b10d2482f346,8e9df465-3a5e-4b7d-9f76-8a1ab60affe8,6.0,,,,,,,AWS,standard,hdd,1,zone,500,standard,,,,,ami-cbdd50dc,1885.0,,,,t2.micro,,,,,1,1,,,,,,,,,,,,,,,,,,,,unknown,,,,,,,,500,standard,,,,,,,,,,,,,,,,,1,us-east-1e
1469816323.31287,unixbench,System Call Overhead:score,4448769.3,,PerfKitBenchmarker,False,root,b07719ea-79187baf-6dc1-4833-837a-b10d2482f346,bfc8f2ef-f13b-42d1-a597-f90f11800e4a,15000.0,,,,,,,AWS,standard,hdd,1,zone,500,standard,,,,,ami-cbdd50dc,2965.8,,,,t2.micro,,,,,1,1,,,,,,,,,,,,,,,,,,,,unknown,,,,,,,,500,standard,,,,,,,,,,,,,,,,,1,us-east-1e
1469816323.3133,unixbench,System Benchmarks Index Score,1935.6,,PerfKitBenchmarker,False,root,b07719ea-79187baf-6dc1-4833-837a-b10d2482f346,7cd51f23-ce2a-413b-9696-56cfe761eaa7,,,,,,,,AWS,standard,hdd,1,zone,500,standard,,,,,ami-cbdd50dc,,,,,t2.micro,,,,,1,1,,,,,,,,,,,,,,,,,,,,unknown,,,,,,,,500,standard,,,,,,,,,,,,,,,,,1,us-east-1e
1469816511.502153,unixbench,End to End Runtime,1242.1353828907013,seconds,PerfKitBenchmarker,False,root,b07719ea-79187baf-6dc1-4833-837a-b10d2482f346,08cac69c-c769-4d41-acc2-15e4ee46492f,,,,,,,,AWS,standard,hdd,1,zone,500,standard,,,,,ami-cbdd50dc,,,,,t2.micro,,,,,,1,,,,,,,,,,,,,,,,,,,,unknown,,,,,,,,500,standard,,,,,,,,,,,,,,,,,1,us-east-1e
